{
  "train_loss": [
    0.46918229821174506,
    0.3822630100659818,
    0.33122474627371606,
    0.3057648855256302,
    0.2833445182267847,
    0.2511505249955343,
    0.22645186388334415,
    0.20804754871349554,
    0.1910479432388141,
    0.16411475489545593,
    0.12998641389630236,
    0.1037050974048029
  ],
  "dev_loss": [
    0.39487227380275725,
    0.3843413099646568,
    0.3674281534552574,
    0.3507451143860817,
    0.3731020174175501,
    0.36866782858967784,
    0.3663487979769707,
    0.44446031402796504,
    0.44320083476603034,
    0.437489312402904,
    0.5030453873798251,
    0.513640141710639
  ],
  "train_f1": [
    0.639227623488315,
    0.7262586329819278,
    0.7704408707337218,
    0.7967832389572932,
    0.816242446360953,
    0.8356167422960618,
    0.8577800419831118,
    0.8724029879212442,
    0.8851353171735542,
    0.9005243371896237,
    0.9233493375885566,
    0.9360208899028012
  ],
  "dev_f1": [
    0.6796782449515828,
    0.730671383717424,
    0.7398811173494431,
    0.7738669091762642,
    0.7400666833609351,
    0.7718140692217921,
    0.7752262497602307,
    0.7444149634079236,
    0.7646461612729019,
    0.7690025604915381,
    0.7460050306809594,
    0.7624051967252627
  ]
}