{
  "train_loss": [
    2.1803710138986983,
    1.8968772850339375,
    1.6574391251518612,
    1.4725527379247878,
    1.3179515509378343,
    1.175892758937109,
    0.9904292272196875,
    0.6807183274200984,
    0.4815515075884168,
    0.36350562574844514,
    0.2814166614815356,
    0.23862291234471494,
    0.2136978658566636,
    0.19046439462829204,
    0.16867970423033787,
    0.15211657546756285,
    0.14747415290524563,
    0.12386801143635123,
    0.12456061637383842,
    0.10668190023492254,
    0.11019025652388495,
    0.10337980237996412,
    0.09296168147305411,
    0.09001737729099299,
    0.08956148632476846,
    0.0902709999047811,
    0.08845968623867347,
    0.07032971431220335,
    0.0748310158775735,
    0.052282672827427705
  ],
  "dev_loss": [
    1.9934621391296388,
    1.8168819341659546,
    1.5446993618011475,
    1.4251408548355102,
    1.2884874153137207,
    1.1542005763053893,
    0.8488993034362793,
    0.6010361807346344,
    0.4833114912509918,
    0.38532600885629653,
    0.35717491403222085,
    0.32873368327319624,
    0.31132219490408897,
    0.3249904906451702,
    0.30847524863481524,
    0.2801973012983799,
    0.2766635916382074,
    0.26288797019049526,
    0.24961776800453664,
    0.2783161830604076,
    0.26387400083243845,
    0.25427058661729096,
    0.2763265820816159,
    0.29035923158191146,
    0.2788443380650133,
    0.25685704780369994,
    0.27304213684238493,
    0.2408216792214662,
    0.2568532628081739,
    0.24443092425819488
  ],
  "train_f1": [
    0.09269776254898845,
    0.158289665304597,
    0.21065051823728792,
    0.25300048962923755,
    0.29457010163815256,
    0.3278897920702282,
    0.36520060206553084,
    0.4537900931526161,
    0.5256739986373857,
    0.5885819641219578,
    0.6389000253764167,
    0.6590308585922849,
    0.6662464962085185,
    0.7027811367855222,
    0.7077784574426869,
    0.7062202363920033,
    0.7207614135980785,
    0.7367893220538531,
    0.7477640889945095,
    0.7507133215974546,
    0.7519762318971973,
    0.7610819855374631,
    0.7791846834595901,
    0.7790651641316322,
    0.8015267757295947,
    0.773967665210027,
    0.8206770933736658,
    0.8327043161004375,
    0.825636703546129,
    0.8639433645588731
  ],
  "dev_f1": [
    0.12181672071762975,
    0.1804551831361154,
    0.2550189700878119,
    0.286138329935572,
    0.31534767471934455,
    0.3398187296042596,
    0.41124568125815175,
    0.5047461688956799,
    0.5861193641250231,
    0.6328027565924276,
    0.6474761860267402,
    0.6717533228373536,
    0.6968526133588104,
    0.6851970501457404,
    0.6879363198789499,
    0.7168554275682357,
    0.7099785035785253,
    0.7074763164970721,
    0.7464778861186189,
    0.7270887675524749,
    0.7366782867831528,
    0.7448747771684439,
    0.7604857275911794,
    0.7242864471128255,
    0.7758337326852279,
    0.7573384258277814,
    0.754123337477186,
    0.7614118177553314,
    0.7600847061761127,
    0.7853404515218252
  ]
}